Page URL,Link URL,Discovered
https://nlmsf.org/2023-accountability-report/,https://nlmsflifechange.com/,27 Feb 2026 (15:07 UTC)
https://nlmsf.org/2023-accountability-report/,https://leiomyosarcoma.info,27 Feb 2026 (15:07 UTC)
https://nlmsf.org/2023-accountability-report/,https://nlmsf.org/,27 Feb 2026 (15:07 UTC)
https://nlmsf.org/2023-accountability-report/,https://leiomyosarcoma.info/irr-forum/,27 Feb 2026 (15:07 UTC)
https://nlmsf.org/2023-accountability-report/,https://trp.cancer.gov/,27 Feb 2026 (15:07 UTC)
https://nlmsf.org/accountability-reports/,https://nlmsflifechange.com/,27 Feb 2026 (15:07 UTC)
https://nlmsf.org/accountability-reports/,https://leiomyosarcoma.info,27 Feb 2026 (15:07 UTC)
https://nlmsf.org/accountability-reports/,https://nlmsf.org/,27 Feb 2026 (15:07 UTC)
https://nlmsf.org/accountability-reports/,https://nlmsflifechange.com/,27 Feb 2026 (15:07 UTC)
https://nlmsf.org/accountability-reports/,https://leiomyosarcoma.info,27 Feb 2026 (15:07 UTC)
https://nlmsf.org/accountability-reports/,https://nlmsf.org/,27 Feb 2026 (15:07 UTC)
https://nlmsf.org/accountability-reports/,https://leiomyosarcoma.info/irr-forum/,27 Feb 2026 (15:07 UTC)
https://nlmsf.org/donate/,https://www.kroger.com/i/community/community-rewards,27 Feb 2026 (15:45 UTC)
https://nlmsf.org/donate/,https://careasy.org/choose-a-nonprofit,27 Feb 2026 (15:45 UTC)
https://nlmsf.org/donate/,https://careasy.org/home,27 Feb 2026 (15:45 UTC)
https://nlmsf.org/financial-assistance-2/,https://triagecancer.org/cancer-medical-bills,27 Feb 2026 (15:07 UTC)
https://nlmsf.org/financial-assistance-2/,https://cancercarenews.com/more-cancer-freebies/grants/,27 Feb 2026 (15:07 UTC)
https://nlmsf.org/financial-assistance-2/,https://www.cancer.net/navigating-cancer-care/financial-considerations/financial-resources,27 Feb 2026 (15:07 UTC)
https://nlmsf.org/financial-assistance-2/,https://www.cdc.gov/cancer/survivors/patients/paying-for-cancer-treatment.htm,27 Feb 2026 (15:07 UTC)
https://nlmsf.org/get-involved/,https://nlmsf.org/donate-leiomyosarcoma-research/,27 Feb 2026 (15:54 UTC)
https://nlmsf.org/gift-shop/,https://nlmsf.org/donate/,27 Feb 2026 (15:07 UTC)
https://nlmsf.org/open-research/,https://nlmsf.org/donate/,27 Feb 2026 (15:07 UTC)
https://nlmsf.org/open-research/,https://nlmsf.org/support/,27 Feb 2026 (15:07 UTC)
https://nlmsf.org/our-board-5/,https://www.govtrack.us/congress/bills/114/sres545/text/ats,15 Mar 2026 (00:18 UTC)
https://nlmsf.org/our-board-5/,https://leiomyosarcoma.info/research-projects/,15 Mar 2026 (00:18 UTC)
https://nlmsf.org/our-board-5/,https://leiomyosarcoma.info/,15 Mar 2026 (00:18 UTC)
https://nlmsf.org/our-board-5/,https://globalgenes.org/raredaily/rare-leader-annie-achee-president-of-the-national-leiomyosarcoma-foundation/,15 Mar 2026 (00:18 UTC)
https://nlmsf.org/patient-driven-research/,https://cure.ncats.io/resources/guides,27 Feb 2026 (15:07 UTC)
https://nlmsf.org/patient-driven-research/,https://pattern.org/,27 Feb 2026 (15:07 UTC)
https://nlmsf.org/patient-driven-research/,https://cure.ncats.io/resources/faqs,27 Feb 2026 (15:07 UTC)
https://nlmsf.org/patient-driven-research/,https://rarecancer.org/,27 Feb 2026 (15:07 UTC)
https://nlmsf.org/patient-driven-research/,https://joincountmein.org/lms,27 Feb 2026 (15:07 UTC)
https://nlmsf.org/patient-driven-research/,https://joincountmein.org/lms,27 Feb 2026 (15:07 UTC)
https://nlmsf.org/patient-driven-research/,https://rarecancer.org/,27 Feb 2026 (15:07 UTC)
https://nlmsf.org/survivorship-care-planning-2/,https://www.cancer.net/survivorship/what-survivorship,27 Feb 2026 (15:45 UTC)
https://nlmsf.org/survivorship-care-planning-2/,https://www.canceradvocacy.org/news/an-updated-survivorship-care,27 Feb 2026 (15:45 UTC)
