Page URL,Link URL,HTTP Code,Discovered
https://nlmsf.org/clinical-trials-research-information/,https://www.nccn.org/patients/resources/life_with_cancer/pdf/NCCN_Clinical_Trials_Patient_Handout.pdf,404,27 Feb 2026 (15:54 UTC)
https://nlmsf.org/clinical-trials-research-information/,https://sarctrials.org/patients/what-is-sarcoma/bone-sarcoma/,404,27 Feb 2026 (15:54 UTC)
https://nlmsf.org/clinical-trials-research-information/,https://www.ema.europa.eu/en/medicines/human/clinical-trials/clinical-trials-register,404,27 Feb 2026 (15:54 UTC)
https://nlmsf.org/donate/,https://www.charitynavigator.org/about-us/cn-blog/1542-employee-match-programs-what-to-know-before-you-donate,404,27 Feb 2026 (15:45 UTC)
https://nlmsf.org/donate/,"https://www.justgiving.com/onesearch/pagecreation/charity?q=National Leiomyosarcoma Foundation&i=charities,campaigns&limit=20&pcid=34b06b92-2d25-4a18-b859-b9e",404,27 Feb 2026 (15:45 UTC)
https://nlmsf.org/donate/,https://www.charitynavigator.org/about-us/donor-resources-and-tips,404,27 Feb 2026 (15:45 UTC)
https://nlmsf.org/donate/,https://www.charitynavigator.org/ein/841478257,404,27 Feb 2026 (15:45 UTC)
https://nlmsf.org/financial-assistance-2/,https://www.medicare.gov/your-medicare-costs/get-help-paying-costs/lower-prescription-costs,404,27 Feb 2026 (15:45 UTC)
https://nlmsf.org/financial-assistance-2/,https://www.cdc.gov/cancer/survivors/patients/paying-for-cancer-treatment.htm,404,27 Feb 2026 (15:45 UTC)
https://nlmsf.org/financial-assistance-2/,https://curelms.webs.com/wecare,Could not resolve DNS,27 Feb 2026 (15:45 UTC)
https://nlmsf.org/find-a-sarcoma-specialist/,https://www.cancer.gov/rare-brain-spine-tumor/research/rare-brain-spine-clinic,404,27 Feb 2026 (15:45 UTC)
https://nlmsf.org/find-a-sarcoma-specialist/,https://www.lmsdr.org/resources/physicians/,404,27 Feb 2026 (15:45 UTC)
https://nlmsf.org/health-insurance-deep-dive/,https://www.ssdrc.com/prem8.html,404,27 Feb 2026 (15:54 UTC)
https://nlmsf.org/health-insurance-deep-dive/,https://secure.ssa.gov/apps10/poms/images/SSA4/G-SSA-4734-U8-1.pdf,404,27 Feb 2026 (15:54 UTC)
https://nlmsf.org/house-cleaning-and-meal-prep/,https://www.verywellfit.com/the-benefits-of-cocoa-extract-89051,404,27 Feb 2026 (15:54 UTC)
https://nlmsf.org/molecular-tumor-testing/,https://us02web.zoom.us/…/M23F43Rc0dz5vlKwyx95xxzFbePFi…,404,27 Feb 2026 (15:54 UTC)
https://nlmsf.org/molecular-tumor-testing/,https://www.natera.com/oncology/signatera-advanced-cancer-detection/billing/,404,27 Feb 2026 (15:54 UTC)
https://nlmsf.org/navigating-support/,http://www.acor.org/,Could not resolve DNS,02 May 2026 (16:43 UTC)
https://nlmsf.org/nutrition-and-physical-activity/,https://www.mdanderson.org/content/dam/mdanderson/documents/patients-and-family/diagnosis-and-treatment/cancer-treatment/nutrition-and-physical-activity-guidelines-cancer-survivors.pdf,404,27 Feb 2026 (15:54 UTC)
https://nlmsf.org/nutrition-and-physical-activity/,https://www.mdanderson.org/treatment-options/nutrition.html,404,27 Feb 2026 (15:54 UTC)
https://nlmsf.org/palliative-care/,https://www.cancer.org/treatment/treatment-and-side-effects/palliative-care/how-to-find.html,404,27 Feb 2026 (15:54 UTC)
https://nlmsf.org/pathology-report-accuracy/,https://askyourpathologist.com/understanding-your-pathology-report-a-patients-guide/,Could not resolve DNS,27 Feb 2026 (15:54 UTC)
https://nlmsf.org/resource-support/,https://www.cdc.gov/cancer/survivors/caregivers/caring-for-yourself.htm,404,27 Feb 2026 (15:54 UTC)
https://nlmsf.org/resource-support/,https://www.nia.nih.gov/toolkits/caregiving,405,27 Feb 2026 (15:54 UTC)
https://nlmsf.org/resource-support/,https://www.dana-farber.org/for-patients-and-families/caring-for-a-loved-one/suggested-reading/,404,02 May 2026 (17:58 UTC)
https://nlmsf.org/sarcoma-centers/,https://oncoreapp.mcvh-vcu.edu/SIPMassey.html,Could not resolve DNS,22 Mar 2026 (00:32 UTC)
https://nlmsf.org/sarcoma-centers/,https://env3.northwell.edu/cancer-institute/cancer-care/locations/center-for-advanced-medicine/monter-cancer-center,Could not resolve DNS,22 Mar 2026 (00:32 UTC)
https://nlmsf.org/sarcoma-centers/,https://cancer.wvumedicine.org/about-us/inside-the-institute/clinical-research/,404,22 Mar 2026 (00:32 UTC)
https://nlmsf.org/sarcoma-centers/,https://cancer.unm.edu/clinical-trials,404,22 Mar 2026 (00:32 UTC)
https://nlmsf.org/second-opinions-2/,https://www.stanfordchildrens.org/en/landing/second-opinion/faq.html,404,27 Feb 2026 (15:54 UTC)
https://nlmsf.org/survivorship-resources-2/,https://blueprintsofhope.org/survivorship-care-plan/,404,27 Feb 2026 (15:45 UTC)
https://nlmsf.org/survivorship-resources-2/,https://uoflbrowncancercenter.org/cancer-services/types-cancer/survivorship-clinic,404,27 Feb 2026 (15:45 UTC)
https://nlmsf.org/transportation-lodging/,https://www.shadysideinn.com/hotel-near/upmc-hillman-cancer-center/,404,27 Feb 2026 (15:54 UTC)
https://nlmsf.org/transportation-lodging/,https://uoflbrowncancercenter.org/area-lodging,404,27 Feb 2026 (15:54 UTC)
https://nlmsf.org/treatment-options/,https://www.cancer.org/treatment/treatment-and-side-effects/palliative-care/how-to-find.html,404,15 Mar 2026 (00:18 UTC)
https://nlmsf.org/uterine-lms/,https://www.vumedi.com/video/asco-2022-novel-therapeutics-in-the-treatment-of-uterine-sarcoma/?token=7f15b18e-df52-41f3-8c3b-e2ef7ff73686,404,15 Mar 2026 (00:18 UTC)
