Page URL,Image URL,HTTP Code,Discovered
https://nlmsf.org/co-survivor-tips/,https://nlmsf.org/_next/image/?url=https://www.cancer.net/sites/cancer.net/files/styles/blog_image/public/2020-06/Caregiver-Self-Doubt-Blog-June-2020-750x375.jpg&w=1920&q=75,404,15 Mar 2026 (00:18 UTC)
https://nlmsf.org/events/,https://nlmsf.org/_next/image/?url=https://via.placeholder.com/320x180&w=3840&q=75,502,15 Mar 2026 (00:18 UTC)
https://nlmsf.org/events/,https://nlmsf.org/_next/image/?url=https://img.youtube.com/vi/2FuOuLewaJI/mqdefault.jpg&w=3840&q=75,404,15 Mar 2026 (00:18 UTC)
https://nlmsf.org/events/,https://nlmsf.org/_next/image/?url=https://img.youtube.com/vi/2FuOuLewaJl/mqdefault.jpg&w=3840&q=75,404,15 Mar 2026 (00:18 UTC)
https://nlmsf.org/events/,https://nlmsf.org/_next/image/?url=https://img.youtube.com/vi/qHzMxBKDSRM/mqdefault.jpg&w=3840&q=75,404,15 Mar 2026 (00:18 UTC)
https://nlmsf.org/events/,https://nlmsf.org/_next/image/?url=https://media.nlmsf.org/wp-content/uploads/2025/07/Screenshot-2025-07-14-at-4.43.49 PM.png&w=3840&q=75,404,15 Mar 2026 (00:18 UTC)
https://nlmsf.org/events/,https://nlmsf.org/_next/image/?url=https://img.youtube.com/vi/NlW5kYoWv4k/mqdefault.jpg&w=3840&q=75,404,15 Mar 2026 (00:18 UTC)
https://nlmsf.org/events/,https://nlmsf.org/_next/image/?url=https://img.youtube.com/vi/6zDo6Qls33c/mqdefault.jpg&w=3840&q=75,404,15 Mar 2026 (00:18 UTC)
https://nlmsf.org/events/,https://nlmsf.org/_next/image/?url=https://img.youtube.com/vi/UYp4Wui3Bs/mqdefault.jpg&w=3840&q=75,404,15 Mar 2026 (00:18 UTC)
https://nlmsf.org/find-a-sarcoma-specialist/,https://nlmsf.org/_next/image/?url=/images/doctor-patient-consultation.jpg&w=3840&q=75,404,15 Mar 2026 (00:18 UTC)
https://nlmsf.org/immunotherapy-2/,https://nlmsf.org/_next/image/?url=https://img.youtube.com/vi/yyZffpH0SQE/maxresdefault.jpg&w=1080&q=75,404,15 Mar 2026 (00:18 UTC)
https://nlmsf.org/medical-advisory-board/,https://nlmsf.org/_next/image/?url=https://nlmsf.org/wp-content/uploads/2025/04/Screenshot-2025-04-20-at-12.33.08 PM.png&w=256&q=75,404,02 May 2026 (15:17 UTC)
https://nlmsf.org/new-diagnosis/,https://nlmsf.org/_next/image/?url=https://media.nlmsf.org/wp-content/uploads/2021/10/NLMSF-2021-Brochure-March-2021.jpg&w=640&q=75,404,19 Apr 2026 (00:34 UTC)
https://nlmsf.org/nutrition-and-physical-activity/,https://nlmsf.org/_next/image/?url=https://via.placeholder.com/100x50.png?text=ACS+Logo&w=640&q=75,502,15 Mar 2026 (00:18 UTC)
https://nlmsf.org/nutrition-and-physical-activity/,https://nlmsf.org/_next/image/?url=https://via.placeholder.com/100x50.png?text=MD+Anderson&w=640&q=75,502,15 Mar 2026 (00:18 UTC)
https://nlmsf.org/nutrition-and-physical-activity/,https://nlmsf.org/_next/image/?url=https://via.placeholder.com/640x360.png?text=Mayo+Clinic+Video&w=1920&q=75,502,15 Mar 2026 (00:18 UTC)
https://nlmsf.org/nutrition-and-physical-activity/,https://nlmsf.org/_next/image/?url=https://via.placeholder.com/640x360.png?text=Alison+Tierney+Video&w=1920&q=75,502,15 Mar 2026 (00:18 UTC)
https://nlmsf.org/nutrition-and-physical-activity/,https://nlmsf.org/_next/image/?url=https://via.placeholder.com/100x50.png?text=AICR+Logo&w=640&q=75,502,15 Mar 2026 (00:18 UTC)
https://nlmsf.org/questions-to-ask-your-sarcoma-surgical-or-radiation-specialists/,https://nlmsf.org/_next/image/?url=https://media.nlmsf.org/wp-content/uploads/2019/06/6b9eb851064817fc6670dbb6b548dc77-2.jpg&w=3840&q=75,404,26 Apr 2026 (00:33 UTC)
https://nlmsf.org/recorded-presentations/,https://nlmsf.org/_next/image/?url=https://img.youtube.com/vi/h6Ks9U7F5ek/mqdefault.jpg&w=3840&q=75,404,15 Mar 2026 (00:18 UTC)
https://nlmsf.org/related-educational-videos/,https://nlmsf.org/_next/image/?url=https://img.youtube.com/vi/fhsyH8bJn-l/mqdefault.jpg&w=3840&q=75,404,15 Mar 2026 (00:18 UTC)
https://nlmsf.org/resource-support/,"https://nlmsf.org/_next/image/?url=https://m.media-amazon.com/images/I/51ZQ7tHfFNL._SY291_BO1,204,203,200_QL40_FMwebp_.jpg&w=3840&q=75",404,15 Mar 2026 (00:18 UTC)
https://nlmsf.org/transportation-lodging/,https://nlmsf.org/_next/image/?url=https://media.nlmsf.org/wp-content/uploads/2021/05/hope-lodge.jpg&w=640&q=75,404,15 Mar 2026 (00:18 UTC)
https://nlmsf.org/volunteer/,https://nlmsf.org/_next/image/?url=/images/ambassador.jpg&w=828&q=75,404,15 Mar 2026 (00:18 UTC)
