Page URL,Errors,Discovered
https://nlmsf.org/,Poor heading hierarchy,19 Apr 2026 (00:34 UTC)
https://nlmsf.org/2023-accountability-report/,Poor heading hierarchy,02 May 2026 (16:16 UTC)
https://nlmsf.org/2023-accountability-report/,Low readability,02 May 2026 (16:16 UTC)
https://nlmsf.org/accountability-reports/,Poor heading hierarchy,02 May 2026 (16:16 UTC)
https://nlmsf.org/cri-immunotherapy-patient-guide/,Poor heading hierarchy,12 Apr 2026 (00:35 UTC)
https://nlmsf.org/events/,Poor heading hierarchy,12 Apr 2026 (00:35 UTC)
https://nlmsf.org/events/,Low readability,12 Apr 2026 (00:35 UTC)
https://nlmsf.org/health-insurance-deep-dive/,Poor heading hierarchy,12 Apr 2026 (00:35 UTC)
https://nlmsf.org/insurance-2/,Poor heading hierarchy,02 May 2026 (15:17 UTC)
https://nlmsf.org/molecular-tumor-testing/,Poor heading hierarchy,02 May 2026 (15:17 UTC)
https://nlmsf.org/molecular-tumor-testing/,Low readability,02 May 2026 (15:17 UTC)
https://nlmsf.org/our-board-5/,Low readability,02 May 2026 (16:16 UTC)
https://nlmsf.org/patient-perspectives/,Paragraphs are too long,12 Apr 2026 (00:35 UTC)
https://nlmsf.org/psychosocial-guidance/,Poor heading hierarchy,12 Apr 2026 (00:35 UTC)
https://nlmsf.org/research-funding-2/,Poor heading hierarchy,12 Apr 2026 (00:35 UTC)
https://nlmsf.org/research-funding-2/,Low readability,12 Apr 2026 (00:35 UTC)
https://nlmsf.org/research-publication-highlights/,Low readability,12 Apr 2026 (00:35 UTC)
https://nlmsf.org/second-opinions-2/,Poor heading hierarchy,12 Apr 2026 (00:35 UTC)
https://nlmsf.org/second-opinions-2/,Low readability,12 Apr 2026 (00:35 UTC)
https://nlmsf.org/testimonials/,Poor heading hierarchy,19 Apr 2026 (00:34 UTC)
https://nlmsf.org/treatment-options/,Poor heading hierarchy,12 Apr 2026 (00:35 UTC)
https://nlmsf.org/treatment-options/,Low readability,12 Apr 2026 (00:35 UTC)
https://nlmsf.org/volunteer/,Poor heading hierarchy,12 Apr 2026 (00:35 UTC)
